{
"leveranceNavn":"MAT-Totaludtraek-Dagligt-JSON-v3_20200217050021.json",
"miljoe":"PROD01",
"fortroligData":"Nej",
"dataOmfattetAfPersondataloven":"Nej",
"MD5CheckSum":"59bd202d958c1bd75e6f7ac3b619d3ae",
"DatafordelerUdtraekstidspunkt": [
{
"deltavindueStart":"2020-02-16T05:00:00.852+01:00",
"deltavindueSlut":"2020-02-17T05:00:21.819+01:00"}],
"tilgaengelighedsperiode":30,
"AbonnementsOplysninger": [
{
"webBrugernavn":"MichaelMichael1G4Q1M",
"tjenesteBrugernavn":"WTJGQIURHV",
"abonnementnavn":"MAT-Totaludtraek-Dagligt-JSON-v3",
"tjenestenavn":"MUTotalUdtraekFlad",
"tjenesteversion":"1.0.1",
"oprettelsesdato":"2019-08-22T11:06:41.125+02:00",
"senesteAbonnementRedigeringsdato":"2019-08-22T11:06:41.125+02:00",
"gentagelsesinterval":"Dagligt"}],
"BrugerUdfyldteParametre": [
{
"parameternavn":"Status",
"parametervaerdi":"NULL"},
{
"parameternavn":"DAFTimestampTil",
"parametervaerdi":"2020-02-17T05:00:21.819+01:00"},
{
"parameternavn":"Virkningstid",
"parametervaerdi":"NOW()"},
{
"parameternavn":"Registreringstid",
"parametervaerdi":"NOW()"},
{
"parameternavn":"RegistreringstidTil",
"parametervaerdi":"NULL"},
{
"parameternavn":"executionTimestamp",
"parametervaerdi":"2020-02-17T05:00:21.819+01:00"},
{
"parameternavn":"output_format",
"parametervaerdi":"json"},
{
"parameternavn":"VirkningstidFra",
"parametervaerdi":"NULL"},
{
"parameternavn":"SincePrevious",
"parametervaerdi":"true"},
{
"parameternavn":"RegistreringstidFra",
"parametervaerdi":"NULL"},
{
"parameternavn":"VirkningstidTil",
"parametervaerdi":"NULL"},
{
"parameternavn":"DAFTimestampFra",
"parametervaerdi":"NULL"},
{
"parameternavn":"lastExecutedTimestamp",
"parametervaerdi":"2020-02-16T05:00:00.852+01:00"}]}